Vùng,Hạ tầng số,Chuyển đổi số DN,Năng lực AI,Nhân lực số,Tổng vùng
Trung du miền núi phía Bắc,14.204498213195677,9142.4196364233,75.8936069673389,829.5398251272148,10062.057566731048
Đồng bằng sông Hồng,82.41205186728735,1064.5550913185184,1541.0408818209532,2640.131771800809,5328.139796807568
Bắc Trung Bộ + DH Trung Bộ,261.9915241411808,433.570134430917,2650.7867439059883,2130.462254524114,5476.8106570022
Tây Nguyên,11.609224406692821,11892.966410387997,0.02599490804412288,14.770194928257428,11919.371824630993
Đông Nam Bộ,0.7098723748253803,0.05718228915722275,4156.960897093525,5165.593227747454,9323.321179504961
Đồng bằng sông Cửu Long,417.94060262630796,4215.209168903523,5.521960850032913,3229.0815460069753,7867.753278386839
