Factor,Average_log_contribution,Share_of_GDP_growth_pct
TFP,0.045953,49.076
K,0.029758,31.7807
L,-0.000314,-0.3354
D,0.00971,10.3701
AI,0.005841,6.2385
H,0.002687,2.87
