Kịch bản,Trạng thái,Phương pháp,Số dự án,Dự án được chọn,Chi phí 5 năm,Chi phí năm 1-2,Chi phí năm 3-5,Tổng NPV,E[NPV] có rủi ro,Giá trị mục tiêu,NPV/Chi phí,E[NPV]/Chi phí
Cơ sở B=80.000,Optimal,PuLP/CBC,9,"P2, P5, P7, P8, P9, P10, P12, P14, P15",59700.0,39800.0,19900.0,115400.0,88745.0,115400.0,1.932998324958124,1.4865159128978225
Nới B=100.000,Optimal,PuLP/CBC,9,"P2, P5, P7, P8, P9, P10, P12, P14, P15",59700.0,39800.0,19900.0,115400.0,88745.0,115400.0,1.932998324958124,1.4865159128978225
Giữ C3 và ép P1=P2=1,Infeasible,PuLP/CBC,0,,,,,,,,,
Thay C3 bằng P1=P2=1,Optimal,PuLP/CBC,8,"P1, P2, P4, P8, P9, P12, P14, P15",59300.0,39800.0,19500.0,113300.0,88020.0,113300.0,1.9106239460370995,1.4843170320404722
Có rủi ro E[NPV],Optimal,PuLP/CBC,8,"P2, P3, P5, P6, P7, P12, P14, P15",58800.0,40000.0,18800.0,111200.0,91285.0,91285.0,1.8911564625850341,1.5524659863945578
Không bắt buộc P14,Optimal,PuLP/CBC,9,"P2, P4, P5, P6, P8, P9, P10, P12, P15",59700.0,40000.0,19700.0,116300.0,89005.0,116300.0,1.948073701842546,1.4908710217755443
