period,GDP_growth_log,TFP_contribution,K_contribution,L_contribution,D_contribution,AI_contribution,H_contribution
2020-2021,0.053618,0.036004,0.025027,-0.025022,0.00567,0.006359,0.005581
2021-2022,0.114096,0.053682,0.031789,0.009863,0.011866,0.006628,0.000268
2022-2023,0.071832,0.020386,0.027449,0.005649,0.01431,0.001934,0.002105
2023-2024,0.118859,0.060807,0.032437,0.003989,0.010354,0.007733,0.003539
2024-2025,0.109776,0.058885,0.03209,0.003951,0.006351,0.006553,0.001945
