Vùng,Hạ tầng số,Chuyển đổi số DN,Năng lực AI,Nhân lực số,Tổng vùng
Trung du miền núi phía Bắc,3.122773022148939,9142.784708075442,0.4513507839875819,75.0978778626145,9221.456709744192
Đồng bằng sông Hồng,295.3824164665164,1830.996702208855,10.121169970288836,3779.372310979381,5915.872599625041
Bắc Trung Bộ + DH Trung Bộ,290.6871392937131,1390.1571742530143,1784.3889603194723,3399.3129762088565,6864.546250075056
Tây Nguyên,11.197068375157027,11892.63570790634,0.094897895617887,52.71508626490357,11956.642760442019
Đông Nam Bộ,0.8606069147817479,0.0580725825494124,32.776634823782246,7655.310182061059,7689.005496382172
Đồng bằng sông Cửu Long,70.65321436758785,4618.129037112247,27.941375322886348,3313.619922529873,8030.343549332594
