year,GDP_actual,K,L,D,AI,H,TFP_A
2020,8044.4,16500.0,53.6,12.0,55.6,24.1,27.746579
2021,8487.5,17800.0,50.5,12.7,60.2,26.1,28.763775
2022,9513.3,19600.0,51.7,14.3,65.4,26.2,30.350073
2023,10221.8,21300.0,52.4,16.5,67.0,27.0,30.975129
2024,11511.9,23500.0,52.9,18.3,73.8,28.4,32.917082
2025,12847.6,25900.0,53.4,19.5,80.1,29.2,34.913621
