region_name_vi,TOPSIS_score_expert,rank_expert,TOPSIS_score_entropy,rank_entropy,TOPSIS_score_AHP,rank_AHP,Thay đổi hạng Entropy so với chuyên gia
Đông Nam Bộ,0.9401516970281262,1,0.9202876277125448,2,0.9401516970281262,1,1
Đồng bằng sông Hồng,0.8981332243412681,2,0.96897668896745,1,0.8981332243412681,2,-1
Bắc Trung Bộ và duyên hải miền Trung,0.3597195549299644,3,0.3619006339200334,3,0.3597195549299645,3,0
Đồng bằng sông Cửu Long,0.17103796130727242,4,0.08969173547200898,5,0.1710379613072724,4,1
Trung du miền núi phía Bắc,0.09928628933123618,5,0.12479311440048753,4,0.09928628933123619,5,-1
Tây Nguyên,0.031216208412572943,6,0.011641575964087932,6,0.031216208412572943,6,0
