Tiêu chí,Loại tiêu chí,Trọng số chuyên gia,Trọng số Entropy,Trọng số AHP
GRDP/người (tr.VND),Lợi ích,0.1,0.07874656963358984,0.09999999999999999
FDI (tỷ USD),Lợi ích,0.1,0.41508376152052895,0.10000000000000005
Digital Index,Lợi ích,0.15,0.05973705571000071,0.14999999999999997
AI Readiness,Lợi ích,0.2,0.13904426136523806,0.2
LĐ đào tạo (%),Lợi ích,0.15,0.062781775610723,0.14999999999999997
R&D/GRDP (%),Lợi ích,0.15,0.23605017097714312,0.14999999999999997
Internet (%),Lợi ích,0.05,0.00734693471217214,0.05
Gini,Chi phí,0.1,0.0012094704706041624,0.1
