sector,labor_million,risk,a1,b1,c1,d1,x_AI,x_H,NewJob_AI,NewJob,UpgradeJob,DisplacedJob,RetrainingCapacity,NetJob,Displaced_over_labor_pct,Retrain_gap
Nông-Lâm-Thủy sản,13.2,0.18,8.5,45.0,5.2,50.0,14.385519819730806,26.857443660977772,122.27691846771185,122.27691846771185,1208.5849647439998,13.464846551268034,1342.8721830488887,1317.3970366604435,0.00010200641326718207,1329.4073364976207
CN chế biến chế tạo,11.5,0.42,32.5,28.0,62.4,32.0,66.19060216157297,44.892351611145955,2151.1945702511216,2151.1945702511216,1256.9858451120867,1734.7233014505043,1436.5552515566706,1673.457113912704,0.015084550447395689,-298.16804989383377
Xây dựng,4.8,0.25,12.8,35.0,18.5,42.0,22.94798774832432,15.440584071941911,293.7342431785513,293.7342431785513,540.4204425179669,106.13444333599998,648.5045310215603,728.0202423605182,0.002211134236166666,542.3700876855603
Bán buôn-bán lẻ,7.8,0.38,22.4,32.0,48.2,38.0,44.33551232976258,29.814086195149617,993.1154761866817,993.1154761866817,954.0507582447877,812.0492438319316,1132.9352754156855,1135.116990599538,0.01041088774143502,320.88603158375395
Tài chính-Ngân hàng,0.55,0.52,45.8,22.0,72.5,26.0,99.84669469295912,5.768051851825429,4572.9786169375275,4572.9786169375275,126.89714074015943,3764.220389924559,149.96934814746115,935.6553677531278,0.6844037072590108,-3614.251041777098
Logistics-Vận tải,1.95,0.35,28.5,30.0,42.8,36.0,55.18273928854864,10.324935116423534,1572.7080697236363,1572.7080697236363,309.748053492706,826.6374345424585,371.6976641912472,1055.8186886738838,0.042391663309869675,-454.93977035121134
CNTT-Truyền thông,0.62,0.28,62.5,20.0,32.5,24.0,114.73993874162159,4.517211664928114,7171.246171351349,7171.246171351349,90.34423329856227,1044.1334425487566,108.41307995827474,6217.456962101155,0.1684086197659285,-935.720362590482
Giáo dục-Đào tạo,2.15,0.22,18.5,55.0,12.5,62.0,32.37100521747999,12.385335827607662,598.8635965233798,598.8635965233798,681.1934705184215,89.02026434806997,767.890821311675,1191.0368026937313,0.004140477411538138,678.870556963605
