sector,labor_million,risk,a1,b1,c1,d1,x_AI,x_H,NewJob_AI,NewJob,UpgradeJob,DisplacedJob,RetrainingCapacity,NetJob,Displaced_over_labor_pct,Retrain_gap
Nông-Lâm-Thủy sản,13.2,0.18,8.5,45.0,5.2,50.0,34.0936335739292,83.8131291846913,289.7958853783982,289.7958853783982,3771.590813311109,31.91164102519773,4190.656459234565,4029.4750576643096,0.00024175485625149798,4158.744818209367
CN chế biến chế tạo,11.5,0.42,32.5,28.0,62.4,32.0,30.72926481393439,140.0940652611828,998.7011064528676,998.7011064528676,3922.6338273131187,805.3525722435924,4483.01008835785,4115.982361522394,0.007003065845596455,3677.6575161142573
Xây dựng,4.8,0.25,12.8,35.0,18.5,42.0,12.794827332843495,48.184916027173394,163.77378986039673,163.77378986039673,1686.4720609510687,59.176076414401166,2023.7664731412826,1791.0697743970643,0.0012328349253000242,1964.5903967268814
Bán buôn-bán lẻ,7.8,0.38,22.4,32.0,48.2,38.0,20.8570411029952,93.03982498633025,467.19772070709246,467.19772070709246,2977.274399562568,382.01756484246016,3535.5133494805496,3062.4545554272,0.004897661087723848,3153.4957846380894
Tài chính-Ngân hàng,0.55,0.52,45.8,22.0,72.5,26.0,3.2794925876302026,18.000167145596556,150.20076051346328,150.20076051346328,396.00367720312425,123.63687055365865,468.00434578551045,422.5675671629289,0.022479431009756117,344.3674752318518
Logistics-Vận tải,1.95,0.35,28.5,30.0,42.8,36.0,6.150965985218481,32.220680853319045,175.3025305787267,175.3025305787267,966.6204255995714,92.14147045857284,1159.9445107194856,1049.7814857197252,0.004725203613260146,1067.8030402609127
CNTT-Truyền thông,0.62,0.28,62.5,20.0,32.5,24.0,4.141548169598479,14.096711869019003,258.84676059990494,258.84676059990494,281.93423738038007,37.68808834334616,338.3210848564561,503.0929096369389,0.006078723926346155,300.6329965131099
Giáo dục-Đào tạo,2.15,0.22,18.5,55.0,12.5,62.0,6.253226433850541,38.650504672687646,115.684689026235,115.684689026235,2125.7777569978207,17.19637269308899,2396.331289706634,2224.2660733309667,0.0007998312880506507,2379.134917013545
