sector,labor_million,risk,a1,b1,c1,d1,x_AI,x_H,NewJob_AI,NewJob,UpgradeJob,DisplacedJob,RetrainingCapacity,NetJob,Displaced_over_labor_pct,Retrain_gap
Nông-Lâm-Thủy sản,13.2,0.18,8.5,45.0,5.2,50.0,28.81963953840169,154.4537077665643,244.96693607641438,244.96693607641438,6950.416849495393,26.97518260794398,7722.685388328215,7168.408602963864,0.0002043574439995756,7695.710205720271
CN chế biến chế tạo,11.5,0.42,32.5,28.0,62.4,32.0,25.97570990188875,67.28097118619279,844.2105718113843,844.2105718113843,1883.867193213398,680.7714051087003,2152.991077958169,2047.306359916082,0.005919751348771307,1472.219672849469
Xây dựng,4.8,0.25,12.8,35.0,18.5,42.0,10.815576781778102,56.16498464238702,138.4393828067597,138.4393828067597,1965.7744624835457,50.02204261572372,2358.9293549802546,2054.1918026745816,0.0010421258878275774,2308.9073123645308
Bán buôn-bán lẻ,7.8,0.38,22.4,32.0,48.2,38.0,17.630634913774472,91.2681000438789,394.92622206854816,394.92622206854816,2920.579201404125,322.92270908069327,3468.187801667398,2992.5827143919796,0.00414003473180376,3145.2650925867047
Tài chính-Ngân hàng,0.55,0.52,45.8,22.0,72.5,26.0,2.772183083372952,3.21778557847009,126.96598521848121,126.96598521848121,70.79128272634199,104.5113022431603,83.66242504022235,93.24596570166288,0.019002054953301872,-20.848877202937956
Logistics-Vận tải,1.95,0.35,28.5,30.0,42.8,36.0,5.199464061892208,11.408512505484863,148.18472576392793,148.18472576392793,342.2553751645459,77.88797164714526,410.70645019745507,412.5521292813286,0.00399425495626386,332.8184785503098
CNTT-Truyền thông,0.62,0.28,62.5,20.0,32.5,24.0,3.500886026710464,3.627321924820828,218.805376669404,218.805376669404,72.54643849641656,31.858062843065227,87.05572619569988,259.4937523227553,0.005138397232752456,55.19766335263465
Giáo dục-Đào tạo,2.15,0.22,18.5,55.0,12.5,62.0,5.285905692181354,12.578616352201259,97.78925530535504,97.78925530535504,691.8238993710693,14.536240653498723,779.874213836478,775.0769140229256,0.0006761042164418011,765.3379731829793
