Kịch bản,GDP_2030,D_2030,AI_2030,H_2030,Welfare_TB,CyberRisk_TB,Emission_TB,UnemploymentRisk_TB,Tong_NewJob,Tong_DisplacedJob,Tong_RetrainingCapacity,Tong_NetJob
S4. Bao trùm số,12910.689062635098,16.176862208,58.595024999999985,31.118129820160004,-0.37523722521534464,0.0,0.24700000000000003,0.0,2214.2884557202747,1309.484916799931,17064.092438203894,15802.85824127518
S5. Tối ưu cân bằng,12791.996162186446,16.722610867200004,58.7699707125,31.329598952319998,-0.438274023751456,0.0,0.180396,0.0,2619.503243117085,1549.120656574318,18595.54760128233,17198.689784861526
S1. Truyền thống,13118.422035405692,15.843275008,58.595024999999985,30.186547740159995,-3.872635648968488,18.0,0.40700000000000003,0.0,2214.2884557202747,1309.484916799931,3972.558769767642,4350.286811366137
S2. Số hóa nhanh,12927.448306543447,17.010830207999998,59.073018749999996,30.341811420160003,-9.974493621999448,48.0,0.31050000000000005,0.0,3321.4326835804122,1964.2273751998962,5958.838154651463,6525.4302170492065
S3. AI dẫn dắt,12877.75501332336,16.176862208,61.940981249999986,30.341811420160003,-26.976498544409615,96.50000000000001,0.454,28.999999999999993,17476.11766261996,8390.383366533548,5958.838154651463,14253.959204755101
