Kịch bản,Tên,Best perfect-info,Robust value,Regret
s1,Lạc quan,121000.0,105547.61904761905,15452.380952380947
s2,Cơ sở,97750.0,88928.57142857142,8821.42857142858
s3,Bi quan,80000.0,77190.47619047618,2809.5238095238165
s4,Khủng hoảng,88000.0,72547.61904761905,15452.380952380947
