sector,labor_million,risk,a1,b1,c1,d1,x_AI,x_H,NewJob_AI,NewJob,UpgradeJob,DisplacedJob,RetrainingCapacity,NetJob,Displaced_over_labor_pct,Retrain_gap
Nông-Lâm-Thủy sản,13.2,0.18,8.5,45.0,5.2,50.0,28.81963953840169,17.904962440651847,244.96693607641438,244.96693607641438,805.7233098293331,26.97518260794398,895.2481220325924,1023.7150632978033,0.0002043574439995756,868.2729394246484
CN chế biến chế tạo,11.5,0.42,32.5,28.0,62.4,32.0,25.97570990188875,29.928234407430637,844.2105718113843,844.2105718113843,837.9905634080578,680.7714051087003,957.7035010377804,1001.429730110742,0.005919751348771307,276.9320959290801
Xây dựng,4.8,0.25,12.8,35.0,18.5,42.0,10.815576781778102,10.293722714627942,138.4393828067597,138.4393828067597,360.28029501197796,50.02204261572372,432.33635401437357,448.69763520301393,0.0010421258878275774,382.31431139864986
Bán buôn-bán lẻ,7.8,0.38,22.4,32.0,48.2,38.0,17.630634913774472,19.876057463433078,394.92622206854816,394.92622206854816,636.0338388298585,322.92270908069327,755.290183610457,708.0373518177134,0.00414003473180376,432.36747452976374
Tài chính-Ngân hàng,0.55,0.52,45.8,22.0,72.5,26.0,2.772183083372952,3.8453679012169526,126.96598521848121,126.96598521848121,84.59809382677295,104.5113022431603,99.97956543164076,107.05277680209387,0.019002054953301872,-4.5317368115195364
Logistics-Vận tải,1.95,0.35,28.5,30.0,42.8,36.0,5.199464061892208,6.883290077615689,148.18472576392793,148.18472576392793,206.49870232847067,77.88797164714526,247.7984427941648,276.7954564452533,0.00399425495626386,169.91047114701954
CNTT-Truyền thông,0.62,0.28,62.5,20.0,32.5,24.0,3.500886026710464,3.0114744432854095,218.805376669404,218.805376669404,60.22948886570819,31.858062843065227,72.27538663884982,247.17680269204698,0.005138397232752456,40.4173237957846
Giáo dục-Đào tạo,2.15,0.22,18.5,55.0,12.5,62.0,5.285905692181354,8.256890551738442,97.78925530535504,97.78925530535504,454.1289803456143,14.536240653498723,511.9272142077834,537.3819949974707,0.0006761042164418011,497.39097355428464
