Kịch bản,GDP 2030 dự báo,D 2030,AI 2030,H 2030,Tổng NetJob,CyberRisk TB,Emission TB,Welfare TB
S4. Bao trùm số,12910.689062635098,16.176862208,58.595024999999985,31.118129820160004,15802.85824127518,0.0,0.24700000000000003,-0.37523722521534464
S5. Tối ưu cân bằng,12791.996162186446,16.722610867200004,58.7699707125,31.329598952319998,17198.689784861526,0.0,0.180396,-0.438274023751456
S1. Truyền thống,13118.422035405692,15.843275008,58.595024999999985,30.186547740159995,4350.286811366137,18.0,0.40700000000000003,-3.872635648968488
S2. Số hóa nhanh,12927.448306543447,17.010830207999998,59.073018749999996,30.341811420160003,6525.4302170492065,48.0,0.31050000000000005,-9.974493621999448
S3. AI dẫn dắt,12877.75501332336,16.176862208,61.940981249999986,30.341811420160003,14253.959204755101,96.50000000000001,0.454,-26.976498544409615
