sector,labor_million,risk,a1,b1,c1,d1,x_AI,x_H,NewJob_AI,NewJob,UpgradeJob,DisplacedJob,RetrainingCapacity,NetJob,Displaced_over_labor_pct,Retrain_gap
Nông-Lâm-Thủy sản,13.2,0.18,8.5,45.0,5.2,50.0,43.22945930760254,26.857443660977772,367.45040411462156,367.45040411462156,1208.5849647439998,40.462773911915974,1342.8721830488887,1535.5725949467053,0.00030653616599936345,1302.4094091369727
CN chế biến chế tạo,11.5,0.42,32.5,28.0,62.4,32.0,38.96356485283312,44.892351611145955,1266.3158577170766,1266.3158577170766,1256.9858451120867,1021.1571076630504,1436.5552515566706,1502.144595166113,0.00887962702315696,415.39814389362016
Xây dựng,4.8,0.25,12.8,35.0,18.5,42.0,16.223365172667155,15.440584071941911,207.65907421013958,207.65907421013958,540.4204425179669,75.03306392358559,648.5045310215603,673.0464528045209,0.0015631888317413664,573.4714670979747
Bán buôn-bán lẻ,7.8,0.38,22.4,32.0,48.2,38.0,26.44595237066171,29.814086195149617,592.3893331028223,592.3893331028223,954.0507582447877,484.38406362103996,1132.9352754156855,1062.0560277265702,0.006210052097705641,648.5512117946455
Tài chính-Ngân hàng,0.55,0.52,45.8,22.0,72.5,26.0,4.158274625059429,5.768051851825429,190.44897782772182,190.44897782772182,126.89714074015943,156.76695336474046,149.96934814746115,160.5791652031408,0.028503082429952812,-6.797605217279312
Logistics-Vận tải,1.95,0.35,28.5,30.0,42.8,36.0,7.7991960928383115,10.324935116423534,222.27708864589187,222.27708864589187,309.748053492706,116.8319574707179,371.6976641912472,415.19318466787996,0.005991382434395789,254.86570672052932
CNTT-Truyền thông,0.62,0.28,62.5,20.0,32.5,24.0,5.251329040065696,4.517211664928114,328.208065004106,328.208065004106,90.34423329856227,47.78709426459784,108.41307995827474,370.76520403807046,0.007707595849128684,60.625985693676895
Giáo dục-Đào tạo,2.15,0.22,18.5,55.0,12.5,62.0,7.9288585382720305,12.385335827607662,146.68388295803257,146.68388295803257,681.1934705184215,21.804360980248084,767.890821311675,806.0729924962059,0.0010141563246627017,746.0864603314269
